1,ResourceContributorRole,AAndRAdministrator,A And R Administrator
2,ResourceContributorRole,AAndRCoordinator,A And R Coordinator
3,ResourceContributorRole,Accompanyist,Accompanyist
4,ResourceContributorRole,Actor,Actor
5,ResourceContributorRole,AdditionalEngineer,Additional Engineer
6,ResourceContributorRole,AdditionalMixingEngineer,Additional Mixing Engineer
7,ResourceContributorRole,AdditionalPerformer,Additional Performer
8,ResourceContributorRole,AdditionalProgrammingEngineer,Additional Programming Engineer
9,ResourceContributorRole,AdditionalStudioProducer,Additional Studio Producer
10,ResourceContributorRole,AnchorPerson,Anchor Person
11,ResourceContributorRole,AnimalTrainer,Animal Trainer
12,ResourceContributorRole,Animator,Animator
13,ResourceContributorRole,Annotator,Annotator
14,ResourceContributorRole,Announcer,Announcer
15,ResourceContributorRole,Armourer,Armourer
16,ResourceContributorRole,ArtCopyist,Art Copyist
17,ResourceContributorRole,ArtDirector,Art Director
18,ResourceContributorRole,ArtistBackgroundVocalEngineer,Artist Background Vocal Engineer
19,ResourceContributorRole,ArtistVocalEngineer,Artist Vocal Engineer
20,ResourceContributorRole,ArtistVocalSecondEngineer,Artist Vocal Second Engineer
21,ResourceContributorRole,Artist,Artist
22,ResourceContributorRole,AssistantCameraOperator,Assistant Camera Operator
23,ResourceContributorRole,AssistantChiefLightingTechnician,Assistant Chief Lighting Technician
24,ResourceContributorRole,AssistantConductor,Assistant Conductor
25,ResourceContributorRole,AssistantDirector,Assistant Director
26,ResourceContributorRole,AssistantEditor,Assistant Editor
27,ResourceContributorRole,AssistantEngineer,Assistant Engineer
28,ResourceContributorRole,AssistantProducer,Assistant Producer
29,ResourceContributorRole,AssistantVisualEditor,Assistant Visual Editor
30,ResourceContributorRole,AssociateProducer,Associate Producer
31,ResourceContributorRole,AssociatedPerformer,Associated Performer
32,ResourceContributorRole,AuralTrainer,Aural Trainer
33,ResourceContributorRole,BackgroundVocalist,Background Vocalist
34,ResourceContributorRole,BalanceEngineerArtist,Balance Engineer Artist
35,ResourceContributorRole,BandLeader,Band Leader
36,ResourceContributorRole,Binder,Binder
37,ResourceContributorRole,BindingDesigner,Binding Designer
38,ResourceContributorRole,BookDesigner,Book Designer
39,ResourceContributorRole,BookProducer,Book Producer
40,ResourceContributorRole,BookjackDesigner,Bookjack Designer
41,ResourceContributorRole,BookplateDesigner,Bookplate Designer
42,ResourceContributorRole,BroadcastAssistant,Broadcast Assistant
43,ResourceContributorRole,BroadcastJournalist,Broadcast Journalist
44,ResourceContributorRole,Calligrapher,Calligrapher
45,ResourceContributorRole,CameraOperator,Camera Operator
46,ResourceContributorRole,Carpenter,Carpenter
47,ResourceContributorRole,Cartographer,Cartographer
48,ResourceContributorRole,Cartoonist,Cartoonist
49,ResourceContributorRole,CastingDirector,Casting Director
50,ResourceContributorRole,Causeur,Causeur
51,ResourceContributorRole,Censor,Censor
52,ResourceContributorRole,ChiefLightingTechnician,Chief Lighting Technician
53,ResourceContributorRole,ChoirMember,Choir Member
54,ResourceContributorRole,Choir,Choir
55,ResourceContributorRole,Choreographer,Choreographer
56,ResourceContributorRole,ChorusMaster,Chorus Master
57,ResourceContributorRole,CircusArtist,Circus Artist
58,ResourceContributorRole,ClapperLoader,Clapper Loader
59,ResourceContributorRole,ClubDJ,Club DJ
60,ResourceContributorRole,CoDirector,Co Director
61,ResourceContributorRole,CoExecutiveProducer,Co Executive Producer
62,ResourceContributorRole,CoMixer,Co Mixer
63,ResourceContributorRole,CoMixingEngineer,Co Mixing Engineer
64,ResourceContributorRole,CoProducer,Co Producer
65,ResourceContributorRole,ColorSeparator,Color Separator
66,ResourceContributorRole,Comedian,Comedian
67,ResourceContributorRole,Commentator,Commentator
68,ResourceContributorRole,CommissioningBroadcaster,Commissioning Broadcaster
69,ResourceContributorRole,CompilationProducer,Compilation Producer
70,ResourceContributorRole,ComputerGraphicCreator,Computer Graphic Creator
71,ResourceContributorRole,ComputerProgrammer,Computer Programmer
72,ResourceContributorRole,ConcertMaster,Concert Master
73,ResourceContributorRole,Conductor,Conductor
74,ResourceContributorRole,Consultant,Consultant
75,ResourceContributorRole,ContinuityChecker,Continuity Checker
76,ResourceContributorRole,Contractor,Contractor
77,ResourceContributorRole,Correspondent,Correspondent
78,ResourceContributorRole,CostumeDesigner,Costume Designer
79,ResourceContributorRole,CoverDesigner,Cover Designer
80,ResourceContributorRole,DJ,DJ
81,ResourceContributorRole,Dancer,Dancer
82,ResourceContributorRole,Delineator,Delineator
83,ResourceContributorRole,Designer,Designer
84,ResourceContributorRole,DialogueCoach,Dialogue Coach
85,ResourceContributorRole,DialogueDirector,Dialogue Director
86,ResourceContributorRole,DigitalAudioWorkstationEngineer,Digital Audio Workstation Engineer
87,ResourceContributorRole,DigitalEditingEngineer,Digital Editing Engineer
88,ResourceContributorRole,DigitalEditingSecondEngineer,Digital Editing Second Engineer
89,ResourceContributorRole,DirectStreamDigitalEngineer,Direct Stream Digital Engineer
90,ResourceContributorRole,Director,Director
91,ResourceContributorRole,DistributionCompany,Distribution Company
92,ResourceContributorRole,Draughtsman,Draughtsman
93,ResourceContributorRole,Dresser,Dresser
94,ResourceContributorRole,Dubber,Dubber
95,ResourceContributorRole,EditorInChief,Editor In Chief
96,ResourceContributorRole,EditorOfTheDay,Editor Of The Day
97,ResourceContributorRole,Editor,Editor
98,ResourceContributorRole,Encoder,Encoder
99,ResourceContributorRole,Engineer,Engineer
100,ResourceContributorRole,Ensemble,Ensemble
101,ResourceContributorRole,ExecutiveProducer,Executive Producer
102,ResourceContributorRole,Expert,Expert
103,ResourceContributorRole,Facsimilist,Facsimilist
104,ResourceContributorRole,FightDirector,Fight Director
105,ResourceContributorRole,FilmDirector,Film Director
106,ResourceContributorRole,FilmDistributor,Film Distributor
107,ResourceContributorRole,FilmEditor,Film Editor
108,ResourceContributorRole,FilmProducer,Film Producer
109,ResourceContributorRole,FilmSoundEngineer,Film Sound Engineer
110,ResourceContributorRole,FloorManager,Floor Manager
111,ResourceContributorRole,FocusPuller,Focus Puller
112,ResourceContributorRole,FoleyArtist,Foley Artist
113,ResourceContributorRole,FoleyEditor,Foley Editor
114,ResourceContributorRole,FoleyMixer,Foley Mixer
115,ResourceContributorRole,GraphicArtist,Graphic Artist
116,ResourceContributorRole,GraphicAssistant,Graphic Assistant
117,ResourceContributorRole,GraphicDesigner,Graphic Designer
118,ResourceContributorRole,Greensman,Greensman
119,ResourceContributorRole,Grip,Grip
120,ResourceContributorRole,GroupMember,Group Member
121,ResourceContributorRole,GuestConductor,Guest Conductor
122,ResourceContributorRole,Hairdresser,Hairdresser
123,ResourceContributorRole,Illustrator,Illustrator
124,ResourceContributorRole,InitialProducer,Initial Producer
125,ResourceContributorRole,InterviewedGuest,Interviewed Guest
126,ResourceContributorRole,Interviewer,Interviewer
127,ResourceContributorRole,KeyCharacter,Key Character
128,ResourceContributorRole,KeyGrip,Key Grip
129,ResourceContributorRole,KeyTalent,Key Talent
130,ResourceContributorRole,LeadPerformer,Lead Performer
131,ResourceContributorRole,LeadVocalist,Lead Vocal
132,ResourceContributorRole,Leadman,Leadman
133,ResourceContributorRole,LightingDirector,Lighting Director
134,ResourceContributorRole,LightingTechnician,Lighting Technician
135,ResourceContributorRole,LocationManager,Location Manager
136,ResourceContributorRole,MakeUpArtist,Make Up Artist
137,ResourceContributorRole,Manufacturer,Manufacturer
138,ResourceContributorRole,MasteringEngineer,Mastering Engineer
139,ResourceContributorRole,MasteringSecondEngineer,Mastering Second Engineer
140,ResourceContributorRole,MatteArtist,Matte Artist
141,ResourceContributorRole,Mixer,Mixer
142,ResourceContributorRole,MixingEngineer,Mixing Engineer
143,ResourceContributorRole,MixingSecondEngineer,Mixing Second Engineer
144,ResourceContributorRole,MusicArranger,Music Arranger
145,ResourceContributorRole,MusicCopyist,Music Copyist
146,ResourceContributorRole,MusicDirector,Music Director
147,ResourceContributorRole,MusicGroup,Music Group
148,ResourceContributorRole,Musician,Musician
149,ResourceContributorRole,Narrator,Narrator
150,ResourceContributorRole,NewsProducer,News Producer
151,ResourceContributorRole,NewsReader,News Reader
152,ResourceContributorRole,NotSpecified,Not Specified
153,ResourceContributorRole,OrchestraMember,Orchestra Member
154,ResourceContributorRole,Orchestra,Orchestra
155,ResourceContributorRole,OriginalArtist,Original Artist
156,ResourceContributorRole,OverdubEngineer,Overdub Engineer
157,ResourceContributorRole,OverdubSecondEngineer,Overdub Second Engineer
158,ResourceContributorRole,Painter,Painter
159,ResourceContributorRole,Photographer,Photographer
160,ResourceContributorRole,PhotographyDirector,Photography Director
161,ResourceContributorRole,PlaybackSinger,Playback Singer
162,ResourceContributorRole,PostProducer,Post Producer
163,ResourceContributorRole,PreProductionEngineer,Pre Production Engineer
164,ResourceContributorRole,PreProductionSecondEngineer,Pre Production Second Engineer
165,ResourceContributorRole,PreProduction,Pre Production
166,ResourceContributorRole,PrimaryMusician,Primary Musician
167,ResourceContributorRole,ProductionAssistant,Production Assistant
168,ResourceContributorRole,ProductionCompany,Production Company
169,ResourceContributorRole,ProductionCoordinator,Production Coordinator
170,ResourceContributorRole,ProductionDepartment,Production Department
171,ResourceContributorRole,ProductionManager,Production Manager
172,ResourceContributorRole,ProductionSecretary,Production Secretary
173,ResourceContributorRole,ProgramProducer,Program Producer
174,ResourceContributorRole,Programmer,Programmer
175,ResourceContributorRole,ProgrammingEngineer,Programming Engineer
176,ResourceContributorRole,ProjectEngineer,Project Engineer
177,ResourceContributorRole,PropertyManager,Property Manager
178,ResourceContributorRole,PublishingDirector,Publishing Director
179,ResourceContributorRole,Puppeteer,Puppeteer
180,ResourceContributorRole,Pyrotechnician,Pyrotechnician
181,ResourceContributorRole,RecordingEngineer,Recording Engineer
182,ResourceContributorRole,RecordingSecondEngineer,Recording Second Engineer
183,ResourceContributorRole,Redactor,Redactor
184,ResourceContributorRole,ReissueProducer,Reissue Producer
185,ResourceContributorRole,RemixedArtist,Remixed Artist
186,ResourceContributorRole,Remixer,Remixer
187,ResourceContributorRole,RemixingEngineer,Remixing Engineer
188,ResourceContributorRole,RemixingSecondEngineer,Remixing Second Engineer
189,ResourceContributorRole,Repetiteur,Repetiteur
190,ResourceContributorRole,ResearchTeamHead,Research Team Head
191,ResourceContributorRole,ResearchTeamMember,Research Team Member
192,ResourceContributorRole,Researcher,Researcher
193,ResourceContributorRole,Restager,Restager
194,ResourceContributorRole,Rigger,Rigger
195,ResourceContributorRole,RightsControllerOnProduct,Rights Controller On Product
196,ResourceContributorRole,Runner,Runner
197,ResourceContributorRole,ScenicOperative,Scenic Operative
198,ResourceContributorRole,ScientificAdvisor,Scientific Advisor
199,ResourceContributorRole,ScriptSupervisor,Script Supervisor
200,ResourceContributorRole,SecondAssistantCameraOperator,Second Assistant Camera Operator
201,ResourceContributorRole,SecondAssistantDirector,Second Assistant Director
202,ResourceContributorRole,SecondConductor,Second Conductor
203,ResourceContributorRole,SecondEngineer,Second Engineer
204,ResourceContributorRole,SecondUnitDirector,Second Unit Director
205,ResourceContributorRole,SeriesProducer,Series Producer
206,ResourceContributorRole,SetDesigner,Set Designer
207,ResourceContributorRole,SetDresser,Set Dresser
208,ResourceContributorRole,SignLanguageInterpreter,Sign Language Interpreter
209,ResourceContributorRole,Soloist,Soloist
210,ResourceContributorRole,SoundDesigner,Sound Designer
211,ResourceContributorRole,SoundMixer,Sound Mixer
212,ResourceContributorRole,SoundRecordist,Sound Recordist
213,ResourceContributorRole,SoundSupervisor,Sound Supervisor
214,ResourceContributorRole,Speaker,Speaker
215,ResourceContributorRole,SpecialEffectsTechnician,Special Effects Technician
216,ResourceContributorRole,Sponsor,Sponsor
217,ResourceContributorRole,StageAssistantEngineer,Stage Assistant Engineer
218,ResourceContributorRole,StageDirector,Stage Director
219,ResourceContributorRole,StageEngineer,Stage Engineer
220,ResourceContributorRole,StoryTeller,Story Teller
221,ResourceContributorRole,StringEngineer,String Engineer
222,ResourceContributorRole,StringProducer,String Producer
223,ResourceContributorRole,StringsDirector,Strings Director
224,ResourceContributorRole,StudioConductor,Studio Conductor
225,ResourceContributorRole,StudioMusician,Studio Musician
226,ResourceContributorRole,StudioPersonnel,Studio Personnel
227,ResourceContributorRole,StudioProducer,Studio Producer
228,ResourceContributorRole,Stunts,Stunts
229,ResourceContributorRole,SubtitlesEditor,Subtitles Editor
230,ResourceContributorRole,SubtitlesTranslator,Subtitles Translator
231,ResourceContributorRole,SupportingActor,Supporting Actor
232,ResourceContributorRole,SurroundMixingEngineer,Surround Mixing Engineer
233,ResourceContributorRole,SurroundMixingSecondEngineer,Surround Mixing Second Engineer
234,ResourceContributorRole,TapeOperator,Tape Operator
235,ResourceContributorRole,TechnicalDirector, TechnicalDirector
236,ResourceContributorRole,Tonmeister,Tonmeister
237,ResourceContributorRole,TrackingEngineer,Tracking Engineer
238,ResourceContributorRole,TrackingSecondEngineer,Tracking Second Engineer
239,ResourceContributorRole,TransfersAndSafetiesEngineer,Transfers And Safeties Engineer
240,ResourceContributorRole,TransfersAndSafetiesSecondEngineer,Transfers And Safeties Second Engineer
241,ResourceContributorRole,TransportationManager,Transportation Manager
242,ResourceContributorRole,Treatment,Treatment
243,ResourceContributorRole,TypeDesigner,Type Designer
244,ResourceContributorRole,Unknown,Unknown
245,ResourceContributorRole,UserDefined,User Defined
246,ResourceContributorRole,VideoDirector,Video Director
247,ResourceContributorRole,VideoMusicalDirector,Video Musical Director
248,ResourceContributorRole,VideoProducer,Video Producer
249,ResourceContributorRole,Videographer,Videographer
250,ResourceContributorRole,VisionMixer,Vision Mixer
251,ResourceContributorRole,VisualEditor,Visual Editor
252,ResourceContributorRole,VisualEffectsTechnician,Visual Effects Technician
253,ResourceContributorRole,VocalArranger,Vocal Arranger
254,ResourceContributorRole,VocalEditingEngineer,Vocal Editing Engineer
255,ResourceContributorRole,VocalEditingSecondEngineer,Vocal Editing Second Engineer
256,ResourceContributorRole,VocalEngineer,Vocal Engineer
257,ResourceContributorRole,VocalProducer,Vocal Producer
258,ResourceContributorRole,VocalSecondEngineer,Vocal Second Engineer
259,ResourceContributorRole,VoiceActor,VoiceActor
260,ResourceContributorRole,Wardrobe,Wardrobe
261,CreativeContributorRole,AVS,AVS
262,CreativeContributorRole,Architect,Architect
263,CreativeContributorRole,Arranger,Arranger
264,CreativeContributorRole,Author,Author
265,CreativeContributorRole,AuthorInQuotations,Author In Quotations
266,CreativeContributorRole,AuthorOfAfterword,Author Of Afterword
267,CreativeContributorRole,Compiler,Compiler
268,CreativeContributorRole,Composer,Composer
269,CreativeContributorRole,ComposerLyricist,Songwriter
270,CreativeContributorRole,Conceptor,Conceptor
271,CreativeContributorRole,Creator,Creator
272,CreativeContributorRole,DialogueAuthor,Dialogue Author
273,CreativeContributorRole,Dissertant,Dissertant
274,CreativeContributorRole,Engraver,Engraver
275,CreativeContributorRole,Etcher,Etcher
276,CreativeContributorRole,Journalist,Journalist
277,CreativeContributorRole,LandscapeArchitect,Landscape Architect
278,CreativeContributorRole,Librettist,Librettist
279,CreativeContributorRole,Lithographer,Lithographer
280,CreativeContributorRole,Lyricist,Lyricist
281,CreativeContributorRole,MetalEngraver,Metal Engraver
282,CreativeContributorRole,NonLyricAuthor,Non Lyric Author
283,CreativeContributorRole,PlateMaker,Plate Maker
284,CreativeContributorRole,Playwright,Playwright
285,CreativeContributorRole,Reporter,Reporter
286,CreativeContributorRole,Reviewer,Reviewer
287,CreativeContributorRole,Rubricator,Rubricator
288,CreativeContributorRole,ScreenplayAuthor,Screenplay Author
289,CreativeContributorRole,Sculptor,Sculptor
290,CreativeContributorRole,SubArranger,Sub Arranger
291,CreativeContributorRole,SubLyricist,Sub Lyricist
292,CreativeContributorRole,Translator,Translator
295,CreativeContributorRole,WriterOfAccompanyingMaterial,Writer Of Accompanying Material
296,CreativeContributorRole,BookPublisher,Book Publisher
297,CreativeContributorRole,CopyrightClaimant,Copyright Claimant
298,CreativeContributorRole,CopyrightHolder,Copyright Holder
299,CreativeContributorRole,MusicPublisher,Music Publisher
300,CreativeContributorRole,NewspaperPublisher,Newspaper Publisher
301,CreativeContributorRole,OriginalPublisher,Original Publisher
302,CreativeContributorRole,PeriodicalPublisher,Periodical Publisher
303,CreativeContributorRole,SubPublisher,Sub Publisher
304,CreativeContributorRole,SubstitutedPublisher,Substituted Publisher
305,CreativeContributorRole,Unknown,Unknown
306,CreativeContributorRole,UserDefined,User Defined
307,BusinessContributorRole,BookPublisher,Book Publisher
308,BusinessContributorRole,CopyrightClaimant,Copyright Claimant
309,BusinessContributorRole,CopyrightHolder,Copyright Holder
310,BusinessContributorRole,MusicPublisher,Music Publisher
311,BusinessContributorRole,NewspaperPublisher,Newspaper Publisher
312,BusinessContributorRole,OriginalPublisher,Original Publisher
313,BusinessContributorRole,PeriodicalPublisher,Periodical Publisher
314,BusinessContributorRole,SubPublisher,Sub Publisher
315,BusinessContributorRole,SubstitutedPublisher,Substituted Publisher
316,BusinessContributorRole,Unknown,Unknown
317,BusinessContributorRole,UserDefined,User Defined
318,NewStudioRole,AAndRCoordinator,A And R Coordinator
319,NewStudioRole,AdditionalEngineer,Additional Engineer
320,NewStudioRole,AnimalTrainer,Animal Trainer
321,NewStudioRole,Animator,Animator
322,NewStudioRole,Annotator,Annotator
323,NewStudioRole,Armourer,Armourer
324,NewStudioRole,ArtDirector,Art Director
325,NewStudioRole,ArtistBackgroundVocalEngineer,Artist Background Vocal Engineer
326,NewStudioRole,ArtistVocalEngineer,Artist Vocal Engineer
327,NewStudioRole,ArtistVocalSecondEngineer,Artist Vocal Second Engineer
328,NewStudioRole,AssistantCameraOperator,Assistant Camera Operator
329,NewStudioRole,AssistantChiefLightingTechnician,Assistant Chief Lighting Technician
330,NewStudioRole,AssistantDirector,Assistant Director
331,NewStudioRole,AssistantProducer,Assistant Producer
332,NewStudioRole,AssistantVisualEditor,Assistant Visual Editor
333,NewStudioRole,AuralTrainer,Aural Trainer
334,NewStudioRole,Binder,Binder
335,NewStudioRole,BindingDesigner,Binding Designer
336,NewStudioRole,BookDesigner,Book Designer
337,NewStudioRole,BookProducer,Book Producer
338,NewStudioRole,BookjackDesigner,Bookjack Designer
339,NewStudioRole,BookplateDesigner,Bookplate Designer
340,NewStudioRole,BroadcastAssistant,Broadcast Assistant
341,NewStudioRole,BroadcastJournalist,Broadcast Journalist
342,NewStudioRole,CameraOperator,Camera Operator
343,NewStudioRole,Carpenter,Carpenter
344,NewStudioRole,CastingDirector,Casting Director
345,NewStudioRole,Censor,Censor
346,NewStudioRole,ChiefLightingTechnician,Chief Lighting Technician
347,NewStudioRole,Choreographer,Choreographer
348,NewStudioRole,ClapperLoader,Clapper Loader
349,NewStudioRole,CoExecutiveProducer,Co Executive Producer
350,NewStudioRole,CoProducer,Co Producer
351,NewStudioRole,CommissioningBroadcaster,Commissioning Broadcaster
352,NewStudioRole,CompilationProducer,Compilation Producer
353,NewStudioRole,Consultant,Consultant
354,NewStudioRole,ContinuityChecker,Continuity Checker
355,NewStudioRole,Contractor,Contractor
356,NewStudioRole,Correspondent,Correspondent
357,NewStudioRole,CostumeDesigner,Costume Designer
358,NewStudioRole,CoverDesigner,Cover Designer
359,NewStudioRole,Designer,Designer
360,NewStudioRole,DialogueCoach,Dialogue Coach
361,NewStudioRole,DigitalAudioWorkstationEngineer,Digital Audio Workstation Engineer
362,NewStudioRole,DigitalEditingEngineer,Digital Editing Engineer
363,NewStudioRole,DigitalEditingSecondEngineer,Digital Editing Second Engineer
364,NewStudioRole,DirectStreamDigitalEngineer,Direct Stream Digital Engineer
365,NewStudioRole,Director,Director
366,NewStudioRole,DistributionCompany,Distribution Company
367,NewStudioRole,Dresser,Dresser
368,NewStudioRole,Dubber,Dubber
369,NewStudioRole,EditorInChief,Editor In Chief
370,NewStudioRole,EditorOfTheDay,Editor Of The Day
371,NewStudioRole,Editor,Editor
372,NewStudioRole,Encoder,Encoder
373,NewStudioRole,Engineer,Engineer
374,NewStudioRole,ExecutiveProducer,Executive Producer
375,NewStudioRole,Expert,Expert
376,NewStudioRole,FightDirector,Fight Director
377,NewStudioRole,FilmDirector,Film Director
378,NewStudioRole,FilmDistributor,Film Distributor
379,NewStudioRole,FilmEditor,Film Editor
380,NewStudioRole,FilmProducer,Film Producer
381,NewStudioRole,FilmSoundEngineer,Film Sound Engineer
382,NewStudioRole,FloorManager,Floor Manager
383,NewStudioRole,FocusPuller,Focus Puller
384,NewStudioRole,FoleyArtist,Foley Artist
385,NewStudioRole,FoleyEditor,Foley Editor
386,NewStudioRole,FoleyMixer,Foley Mixer
387,NewStudioRole,GraphicAssistant,Graphic Assistant
388,NewStudioRole,GraphicDesigner,Graphic Designer
389,NewStudioRole,Greensman,Greensman
390,NewStudioRole,Grip,Grip
391,NewStudioRole,Hairdresser,Hairdresser
392,NewStudioRole,InitialProducer,Initial Producer
393,NewStudioRole,KeyGrip,Key Grip
394,NewStudioRole,Leadman,Leadman
395,NewStudioRole,LightingDirector,Lighting Director
396,NewStudioRole,LightingTechnician,Lighting Technician
397,NewStudioRole,LocationManager,Location Manager
398,NewStudioRole,MakeUpArtist,Make Up Artist
399,NewStudioRole,Manufacturer,Manufacturer
400,NewStudioRole,MasteringEngineer,Mastering Engineer
401,NewStudioRole,MasteringSecondEngineer,Mastering Second Engineer
402,NewStudioRole,MatteArtist,Matte Artist
403,NewStudioRole,MixingEngineer,Mixing Engineer
404,NewStudioRole,MixingSecondEngineer,Mixing Second Engineer
405,NewStudioRole,MusicDirector,Music Director
406,NewStudioRole,Musician,Musician
407,NewStudioRole,NewsProducer,News Producer
408,NewStudioRole,OverdubEngineer,Overdub Engineer
409,NewStudioRole,OverdubSecondEngineer,Overdub Second Engineer
410,NewStudioRole,PhotographyDirector,Photography Director
411,NewStudioRole,PostProducer,Post Producer
412,NewStudioRole,PreProductionEngineer,Pre Production Engineer
413,NewStudioRole,PreProduction,Pre Production
414,NewStudioRole,ProductionCompany,Production Company
415,NewStudioRole,ProductionDepartment,Production Department
416,NewStudioRole,ProductionManager,Production Manager
417,NewStudioRole,ProductionSecretary,Production Secretary
418,NewStudioRole,ProgramProducer,Program Producer
419,NewStudioRole,ProgrammingEngineer,Programming Engineer
420,NewStudioRole,PropertyManager,Property Manager
421,NewStudioRole,PublishingDirector,Publishing Director
422,NewStudioRole,Pyrotechnician,Pyrotechnician
423,NewStudioRole,RecordingEngineer,Recording Engineer
424,NewStudioRole,RecordingSecondEngineer,Recording Second Engineer
425,NewStudioRole,Redactor,Redactor
426,NewStudioRole,ReissueProducer,Reissue Producer
427,NewStudioRole,RemixingEngineer,Remixing Engineer
428,NewStudioRole,RemixingSecondEngineer,Remixing Second Engineer
429,NewStudioRole,Repetiteur,Repetiteur
430,NewStudioRole,ResearchTeamHead,Research Team Head
431,NewStudioRole,ResearchTeamMember,Research Team Member
432,NewStudioRole,Researcher,Researcher
433,NewStudioRole,Restager,Restager
434,NewStudioRole,Rigger,Rigger
435,NewStudioRole,RightsControllerOnProduct,Rights Controller On Product
436,NewStudioRole,Runner,Runner
437,NewStudioRole,ScenicOperative,Scenic Operative
438,NewStudioRole,ScientificAdvisor,Scientific Advisor
439,NewStudioRole,ScriptSupervisor,Script Supervisor
440,NewStudioRole,SecondAssistantCameraOperator,Second Assistant Camera Operator
441,NewStudioRole,SecondAssistantDirector,Second Assistant Director
442,NewStudioRole,SecondEngineer,Second Engineer
443,NewStudioRole,SecondUnitDirector,Second Unit Director
444,NewStudioRole,SeriesProducer,Series Producer
445,NewStudioRole,SetDesigner,Set Designer
446,NewStudioRole,SetDresser,Set Dresser
447,NewStudioRole,SoundDesigner,Sound Designer
448,NewStudioRole,SoundMixer,Sound Mixer
449,NewStudioRole,SoundRecordist,Sound Recordist
450,NewStudioRole,SpecialEffectsTechnician,Special Effects Technician
451,NewStudioRole,Sponsor,Sponsor
452,NewStudioRole,StageDirector,Stage Director
453,NewStudioRole,StringEngineer,String Engineer
454,NewStudioRole,StringProducer,String Producer
455,NewStudioRole,StudioConductor,Studio Conductor
456,NewStudioRole,StudioPersonnel,Studio Personnel
457,NewStudioRole,StudioProducer,Producer
458,NewStudioRole,SubtitlesEditor,Subtitles Editor
459,NewStudioRole,SubtitlesTranslator,Subtitles Translator
460,NewStudioRole,TapeOperator,Tape Operator
461,NewStudioRole,TechnicalDirector, TechnicalDirector
462,NewStudioRole,Tonmeister,Tonmeister
463,NewStudioRole,TrackingEngineer,Tracking Engineer
464,NewStudioRole,TrackingSecondEngineer,Tracking Second Engineer
465,NewStudioRole,TransfersAndSafetiesEngineer,Transfers And Safeties Engineer
466,NewStudioRole,TransfersAndSafetiesSecondEngineer,Transfers And Safeties Second Engineer
467,NewStudioRole,TransportationManager,Transportation Manager
468,NewStudioRole,Treatment/ProgramProposal,Treatment / Program Proposal
469,NewStudioRole,UserDefined,User Defined
470,NewStudioRole,VideoProducer,Video Producer
471,NewStudioRole,Videographer,Videographer
472,NewStudioRole,VisionMixer,Vision Mixer
473,NewStudioRole,VisualEditor,Visual Editor
474,NewStudioRole,VisualEffectsTechnician,Visual Effects Technician
475,NewStudioRole,VocalProducer,Vocal Producer
476,NewStudioRole,Wardrobe,Wardrobe
477,ArtistRole,ArtCopyist,Art Copyist
478,ArtistRole,Calligrapher,Calligrapher
479,ArtistRole,Cartographer,Cartographer
480,ArtistRole,Cartoonist,Cartoonist
481,ArtistRole,ComputerGraphicCreator,Computer Graphic Creator
482,ArtistRole,ComputerProgrammer,Computer Programmer
483,ArtistRole,Delineator,Delineator
484,ArtistRole,Draughtsman,Draughtsman
485,ArtistRole,Facsimilist,Facsimilist
486,ArtistRole,GraphicArtist,Graphic Artist
487,ArtistRole,Illustrator,Illustrator
488,ArtistRole,MusicCopyist,Music Copyist
489,ArtistRole,NotSpecified,Not Specified
490,ArtistRole,Painter,Painter
491,ArtistRole,Photographer,Photographer
492,ArtistRole,TypeDesigner,Type Designer
493,ArtistRole,Unknown,Unknown
494,ArtistRole,UserDefined,User Defined
495,type,ddex_key,name
496,AdministratingRecordCompanyRole,DesignatedDsrMessageRecipient,Designated Dsr Message Recipient
497,AdministratingRecordCompanyRole,RightsAdministrator,Rights Administrator
498,AdministratingRecordCompanyRole,RoyaltyAdministrator,Royalty Administrator
499,AdministratingRecordCompanyRole,Unknown,Unknown
500,AdministratingRecordCompanyRole,UserDefined,User Defined
501,ArtistRole,Actor,Actor
502,ArtistRole,Adapter,Adapter
503,ArtistRole,Architect,Architect
504,ArtistRole,Arranger,Arranger
505,ArtistRole,Artist,Artist
506,ArtistRole,AssociatedPerformer,Associated Performer
507,ArtistRole,Author,Author
508,ArtistRole,Band,Band
509,ArtistRole,Choir,Choir
510,ArtistRole,Choreographer,Choreographer
511,ArtistRole,Composer,Composer
512,ArtistRole,ComposerLyricist,Composer Lyricist
513,ArtistRole,Conductor,Conductor
514,ArtistRole,Contributor,Contributor
515,ArtistRole,Dancer,Dancer
516,ArtistRole,Designer,Designer
517,ArtistRole,Director,Director
518,ArtistRole,Ensemble,Ensemble
519,ArtistRole,FeaturedArtist,Featured Artist
520,ArtistRole,FilmDirector,Film Director
521,ArtistRole,GraphicDesigner,Graphic Designer
522,ArtistRole,Journalist,Journalist
523,ArtistRole,Librettist,Librettist
524,ArtistRole,Lyricist,Lyricist
525,ArtistRole,MainArtist,Main Artist
526,ArtistRole,Narrator,Narrator
527,ArtistRole,NonLyricAuthor,Non Lyric Author
528,ArtistRole,Orchestra,Orchestra
529,ArtistRole,OriginalPublisher,Original Publisher
530,ArtistRole,PhotographyDirector,Photography Director
531,ArtistRole,Playwright,Playwright
532,ArtistRole,PrimaryMusician,Primary Musician
533,ArtistRole,Producer,Producer
534,ArtistRole,Programmer,Programmer
535,ArtistRole,ScreenplayAuthor,Screenplay Author
536,ArtistRole,Soloist,Soloist
537,ArtistRole,StudioMusician,Studio Musician
538,ArtistRole,StudioPersonnel,Studio Personnel
539,ArtistRole,SubArranger,Sub Arranger
540,ArtistRole,Translator,Translator
541,BusinessContributorRole,Contributor,Contributor
542,BusinessMusicalWorkContributorRole,BookPublisher,Book Publisher
543,BusinessMusicalWorkContributorRole,CopyrightClaimant,Copyright Claimant
544,BusinessMusicalWorkContributorRole,CopyrightHolder,Copyright Holder
545,BusinessMusicalWorkContributorRole,MusicPublisher,Music Publisher
546,BusinessMusicalWorkContributorRole,NewspaperPublisher,Newspaper Publisher
547,BusinessMusicalWorkContributorRole,OriginalPublisher,Original Publisher
548,BusinessMusicalWorkContributorRole,PeriodicalPublisher,Periodical Publisher
549,BusinessMusicalWorkContributorRole,SubPublisher,Sub Publisher
550,BusinessMusicalWorkContributorRole,SubstitutedPublisher,Substituted Publisher
551,BusinessMusicalWorkContributorRole,Unknown,Unknown
552,BusinessMusicalWorkContributorRole,UserDefined,User Defined
553,CreativeContributorRole,Adapter,Adapter
554,CreativeContributorRole,AssociatedPerformer,Associated Performer
555,CreativeMusicalWorkContributorRole,Adapter,Adapter
556,CreativeMusicalWorkContributorRole,Architect,Architect
557,CreativeMusicalWorkContributorRole,Arranger,Arranger
558,CreativeMusicalWorkContributorRole,Author,Author
559,CreativeMusicalWorkContributorRole,AuthorInQuotations,Author In Quotations
560,CreativeMusicalWorkContributorRole,AuthorOfAfterword,Author Of Afterword
561,CreativeMusicalWorkContributorRole,Compiler,Compiler
562,CreativeMusicalWorkContributorRole,Composer,Composer
563,CreativeMusicalWorkContributorRole,ComposerLyricist,Composer Lyricist
564,CreativeMusicalWorkContributorRole,Conceptor,Conceptor
565,CreativeMusicalWorkContributorRole,Creator,Creator
566,CreativeMusicalWorkContributorRole,DialogueAuthor,Dialogue Author
567,CreativeMusicalWorkContributorRole,Dissertant,Dissertant
568,CreativeMusicalWorkContributorRole,Engraver,Engraver
569,CreativeMusicalWorkContributorRole,Etcher,Etcher
570,CreativeMusicalWorkContributorRole,Journalist,Journalist
571,CreativeMusicalWorkContributorRole,LandscapeArchitect,Landscape Architect
572,CreativeMusicalWorkContributorRole,Librettist,Librettist
573,CreativeMusicalWorkContributorRole,Lithographer,Lithographer
574,CreativeMusicalWorkContributorRole,Lyricist,Lyricist
575,CreativeMusicalWorkContributorRole,MetalEngraver,Metal Engraver
576,CreativeMusicalWorkContributorRole,NonLyricAuthor,Non Lyric Author
577,CreativeMusicalWorkContributorRole,PlateMaker,Plate Maker
578,CreativeMusicalWorkContributorRole,Playwright,Playwright
579,CreativeMusicalWorkContributorRole,Reporter,Reporter
580,CreativeMusicalWorkContributorRole,Reviewer,Reviewer
581,CreativeMusicalWorkContributorRole,Rubricator,Rubricator
582,CreativeMusicalWorkContributorRole,ScreenplayAuthor,Screenplay Author
583,CreativeMusicalWorkContributorRole,Sculptor,Sculptor
584,CreativeMusicalWorkContributorRole,SubArranger,Sub Arranger
585,CreativeMusicalWorkContributorRole,SubLyricist,Sub Lyricist
586,CreativeMusicalWorkContributorRole,Translator,Translator
589,CreativeMusicalWorkContributorRole,WriterOfAccompanyingMaterial,Writer Of Accompanying Material
590,DisplayArtistRole,Artist,Artist
591,DisplayArtistRole,FeaturedArtist,Featured Artist
592,DisplayArtistRole,MainArtist,Main Artist
593,NewStudioRole,Actor,Actor
594,NewStudioRole,ArtCopyist,Art Copyist
595,NewStudioRole,AssistantEditor,Assistant Editor
596,NewStudioRole,BalanceEngineerArtist,Balance Engineer Artist
597,NewStudioRole,Calligrapher,Calligrapher
598,NewStudioRole,Cartographer,Cartographer
599,NewStudioRole,Cartoonist,Cartoonist
600,NewStudioRole,CircusArtist,Circus Artist
601,NewStudioRole,CoDirector,Co Director
602,NewStudioRole,ColorSeparator,Color Separator
603,NewStudioRole,ComputerGraphicCreator,Computer Graphic Creator
604,NewStudioRole,ComputerProgrammer,Computer Programmer
605,NewStudioRole,Dancer,Dancer
606,NewStudioRole,Delineator,Delineator
607,NewStudioRole,DialogueDirector,Dialogue Director
608,NewStudioRole,Draughtsman,Draughtsman
609,NewStudioRole,Facsimilist,Facsimilist
610,NewStudioRole,GraphicArtist,Graphic Artist
611,NewStudioRole,Illustrator,Illustrator
612,NewStudioRole,KeyCharacter,Key Character
613,NewStudioRole,KeyTalent,Key Talent
614,NewStudioRole,LeadPerformer,Lead Performer
615,NewStudioRole,NewsReader,News Reader
616,NewStudioRole,NotSpecified,Not Specified
617,NewStudioRole,OrchestraMember,Orchestra Member
618,NewStudioRole,OriginalArtist,Original Artist
619,NewStudioRole,Painter,Painter
620,NewStudioRole,Photographer,Photographer
621,NewStudioRole,PlaybackSinger,Playback Singer
622,NewStudioRole,PreProductionSecondEngineer,Pre Production Second Engineer
623,NewStudioRole,ProductionAssistant,Production Assistant
624,NewStudioRole,ProductionCoordinator,Production Coordinator
625,NewStudioRole,Programmer,Programmer
626,NewStudioRole,ProjectEngineer,Project Engineer
627,NewStudioRole,Puppeteer,Puppeteer
628,NewStudioRole,RemixedArtist,Remixed Artist
629,NewStudioRole,SecondConductor,Second Conductor
630,NewStudioRole,SignLanguageInterpreter,Sign Language Interpreter
631,NewStudioRole,SoundSupervisor,Sound Supervisor
632,NewStudioRole,Speaker,Speaker
633,NewStudioRole,StageAssistantEngineer,Stage Assistant Engineer
634,NewStudioRole,StageEngineer,Stage Engineer
635,NewStudioRole,StoryTeller,Story Teller
636,NewStudioRole,StringsDirector,Strings Director
637,NewStudioRole,Stunts,Stunts
638,NewStudioRole,SupportingActor,Supporting Actor
639,NewStudioRole,SurroundMixingEngineer,Surround Mixing Engineer
640,NewStudioRole,SurroundMixingSecondEngineer,Surround Mixing Second Engineer
641,NewStudioRole,Treatment,Treatment
642,NewStudioRole,TypeDesigner,Type Designer
643,NewStudioRole,Unknown,Unknown
644,NewStudioRole,VideoDirector,Video Director
645,NewStudioRole,VideoMusicalDirector,Video Musical Director
646,NewStudioRole,VocalArranger,Vocal Arranger
647,NewStudioRole,VocalEditingEngineer,Vocal Editing Engineer
648,NewStudioRole,VocalEditingSecondEngineer,Vocal Editing Second Engineer
649,NewStudioRole,VocalEngineer,Vocal Engineer
650,NewStudioRole,VocalSecondEngineer,Vocal Second Engineer
651,ResourceContributorRole,Architect,Architect
652,ResourceContributorRole,BalanceEngineer,Balance Engineer
653,ResourceContributorRole,Band,Band
654,ResourceContributorRole,BookPublisher,Book Publisher
655,ResourceContributorRole,Contributor,Contributor
656,ResourceContributorRole,FeaturedArtist,Featured Artist
657,ResourceContributorRole,Journalist,Journalist
658,ResourceContributorRole,MainArtist,Main Artist
659,ResourceContributorRole,Member,Member
660,ResourceContributorRole,NewspaperPublisher,Newspaper Publisher
661,ResourceContributorRole,PeriodicalPublisher,Periodical Publisher
662,ResourceContributorRole,Producer,Producer
663,ResourceContributorRole,ScreenplayAuthor,Screenplay Author
664,ResourceContributorRole,Treatment/ProgramProposal,Treatment / Program Proposal
665,RightsControllerRole,AdministratingRecordCompany,Administrating Record Company
666,RightsControllerRole,RightsAdministrator,Rights Administrator
667,RightsControllerRole,RightsController,Rights Controller
668,RightsControllerRole,RoyaltyAdministrator,Royalty Administrator
669,RightsControllerRole,Unknown,Unknown
